Document,URL,Langue d'origine,Langue cible,Prix par page (EUR)
TRADUCTION ACTE DE NAISSANCE,https://ml-traduction.fr/products/traduction-acte-de-naissance,Français,Anglais,30
TRADUCTION ACTE DE NAISSANCE,https://ml-traduction.fr/products/traduction-acte-de-naissance,Français,Allemand,30
TRADUCTION ACTE DE NAISSANCE,https://ml-traduction.fr/products/traduction-acte-de-naissance,Français,Italien,30
TRADUCTION ACTE DE NAISSANCE,https://ml-traduction.fr/products/traduction-acte-de-naissance,Français,Espagnol,30
TRADUCTION ACTE DE NAISSANCE,https://ml-traduction.fr/products/traduction-acte-de-naissance,Français,Roumain,34
TRADUCTION ACTE DE NAISSANCE,https://ml-traduction.fr/products/traduction-acte-de-naissance,Français,Arabe,30
TRADUCTION ACTE DE NAISSANCE,https://ml-traduction.fr/products/traduction-acte-de-naissance,Français,Turc,34
TRADUCTION ACTE DE NAISSANCE,https://ml-traduction.fr/products/traduction-acte-de-naissance,Français,Russe,30
TRADUCTION ACTE DE NAISSANCE,https://ml-traduction.fr/products/traduction-acte-de-naissance,Français,Albanais,34
TRADUCTION ACTE DE NAISSANCE,https://ml-traduction.fr/products/traduction-acte-de-naissance,Français,Chinois,45
TRADUCTION ACTE DE NAISSANCE,https://ml-traduction.fr/products/traduction-acte-de-naissance,Français,Portugais,34
TRADUCTION ACTE DE NAISSANCE,https://ml-traduction.fr/products/traduction-acte-de-naissance,Français,Grec,45
TRADUCTION ACTE DE NAISSANCE,https://ml-traduction.fr/products/traduction-acte-de-naissance,Français,Japonais,45
TRADUCTION ACTE DE NAISSANCE,https://ml-traduction.fr/products/traduction-acte-de-naissance,Français,Néerlandais,34
TRADUCTION ACTE DE NAISSANCE,https://ml-traduction.fr/products/traduction-acte-de-naissance,Français,Tchèque,34
TRADUCTION ACTE DE NAISSANCE,https://ml-traduction.fr/products/traduction-acte-de-naissance,Français,Slovaque,34
TRADUCTION ACTE DE NAISSANCE,https://ml-traduction.fr/products/traduction-acte-de-naissance,Français,Hongrois,34
TRADUCTION ACTE DE NAISSANCE,https://ml-traduction.fr/products/traduction-acte-de-naissance,Français,Cantonais,70
TRADUCTION ACTE DE NAISSANCE,https://ml-traduction.fr/products/traduction-acte-de-naissance,Français,Mandarin,70
TRADUCTION ACTE DE NAISSANCE,https://ml-traduction.fr/products/traduction-acte-de-naissance,Français,Polonais,34
TRADUCTION ACTE DE NAISSANCE,https://ml-traduction.fr/products/traduction-acte-de-naissance,Français,Serbe,45
TRADUCTION ACTE DE NAISSANCE,https://ml-traduction.fr/products/traduction-acte-de-naissance,Français,Vietnamien,45
TRADUCTION ACTE DE NAISSANCE,https://ml-traduction.fr/products/traduction-acte-de-naissance,Français,Coréen,45
TRADUCTION ACTE DE NAISSANCE,https://ml-traduction.fr/products/traduction-acte-de-naissance,Français,Danois,45
TRADUCTION ACTE DE NAISSANCE,https://ml-traduction.fr/products/traduction-acte-de-naissance,Français,Suédois,34
TRADUCTION ACTE DE NAISSANCE,https://ml-traduction.fr/products/traduction-acte-de-naissance,Français,Thaïlandais,45
TRADUCTION ACTE DE NAISSANCE,https://ml-traduction.fr/products/traduction-acte-de-naissance,Français,Croate,34
TRADUCTION ACTE DE NAISSANCE,https://ml-traduction.fr/products/traduction-acte-de-naissance,Anglais,Français,30
TRADUCTION ACTE DE NAISSANCE,https://ml-traduction.fr/products/traduction-acte-de-naissance,Allemand,Français,30
TRADUCTION ACTE DE NAISSANCE,https://ml-traduction.fr/products/traduction-acte-de-naissance,Italien,Français,30
TRADUCTION ACTE DE NAISSANCE,https://ml-traduction.fr/products/traduction-acte-de-naissance,Espagnol,Français,30
TRADUCTION ACTE DE NAISSANCE,https://ml-traduction.fr/products/traduction-acte-de-naissance,Roumain,Français,34
TRADUCTION ACTE DE NAISSANCE,https://ml-traduction.fr/products/traduction-acte-de-naissance,Arabe,Français,30
TRADUCTION ACTE DE NAISSANCE,https://ml-traduction.fr/products/traduction-acte-de-naissance,Portugais,Français,30
TRADUCTION ACTE DE NAISSANCE,https://ml-traduction.fr/products/traduction-acte-de-naissance,Néerlandais,Français,30
TRADUCTION ACTE DE NAISSANCE,https://ml-traduction.fr/products/traduction-acte-de-naissance,Turc,Français,30
TRADUCTION ACTE DE NAISSANCE,https://ml-traduction.fr/products/traduction-acte-de-naissance,Chinois,Français,45
TRADUCTION ACTE DE NAISSANCE,https://ml-traduction.fr/products/traduction-acte-de-naissance,Chinois,Anglais,45
TRADUCTION ACTE DE NAISSANCE,https://ml-traduction.fr/products/traduction-acte-de-naissance,Russe,Français,30
TRADUCTION ACTE DE NAISSANCE,https://ml-traduction.fr/products/traduction-acte-de-naissance,Albanais,Français,34
TRADUCTION ACTE DE NAISSANCE,https://ml-traduction.fr/products/traduction-acte-de-naissance,Ukrainien,Français,30
TRADUCTION ACTE DE NAISSANCE,https://ml-traduction.fr/products/traduction-acte-de-naissance,Slovaque,Français,30
TRADUCTION ACTE DE NAISSANCE,https://ml-traduction.fr/products/traduction-acte-de-naissance,Serbe,Français,45
TRADUCTION ACTE DE NAISSANCE,https://ml-traduction.fr/products/traduction-acte-de-naissance,Grec,Français,34
TRADUCTION ACTE DE NAISSANCE,https://ml-traduction.fr/products/traduction-acte-de-naissance,Japonais,Français,45
TRADUCTION ACTE DE NAISSANCE,https://ml-traduction.fr/products/traduction-acte-de-naissance,Polonais,Français,30
TRADUCTION ACTE DE NAISSANCE,https://ml-traduction.fr/products/traduction-acte-de-naissance,Mandarin,Français,70
TRADUCTION ACTE DE NAISSANCE,https://ml-traduction.fr/products/traduction-acte-de-naissance,Cantonais,Français,70
TRADUCTION ACTE DE NAISSANCE,https://ml-traduction.fr/products/traduction-acte-de-naissance,Hongrois,Français,34
TRADUCTION ACTE DE NAISSANCE,https://ml-traduction.fr/products/traduction-acte-de-naissance,Géorgien,Français,34
TRADUCTION ACTE DE NAISSANCE,https://ml-traduction.fr/products/traduction-acte-de-naissance,Tchèque,Français,34
TRADUCTION ACTE DE NAISSANCE,https://ml-traduction.fr/products/traduction-acte-de-naissance,Vietnamien,Français,45
TRADUCTION ACTE DE NAISSANCE,https://ml-traduction.fr/products/traduction-acte-de-naissance,Coréen,Français,45
TRADUCTION ACTE DE NAISSANCE,https://ml-traduction.fr/products/traduction-acte-de-naissance,Danois,Français,45
TRADUCTION ACTE DE NAISSANCE,https://ml-traduction.fr/products/traduction-acte-de-naissance,Suédois,Français,34
TRADUCTION ACTE DE NAISSANCE,https://ml-traduction.fr/products/traduction-acte-de-naissance,Thaïlandais,Français,45
TRADUCTION ACTE DE NAISSANCE,https://ml-traduction.fr/products/traduction-acte-de-naissance,Croate,Français,34
TRADUCTION ACTE DE NAISSANCE,https://ml-traduction.fr/products/traduction-acte-de-naissance,Portugais,Espagnol,34
TRADUCTION ACTE DE NAISSANCE,https://ml-traduction.fr/products/traduction-acte-de-naissance,Espagnol,Portugais,34
TRADUCTION RELEVÉ DE NOTES,https://ml-traduction.fr/products/traduction-releve-de-notes,Français,Anglais,28
TRADUCTION RELEVÉ DE NOTES,https://ml-traduction.fr/products/traduction-releve-de-notes,Français,Allemand,28
TRADUCTION RELEVÉ DE NOTES,https://ml-traduction.fr/products/traduction-releve-de-notes,Français,Italien,28
TRADUCTION RELEVÉ DE NOTES,https://ml-traduction.fr/products/traduction-releve-de-notes,Français,Espagnol,28
TRADUCTION RELEVÉ DE NOTES,https://ml-traduction.fr/products/traduction-releve-de-notes,Français,Roumain,34
TRADUCTION RELEVÉ DE NOTES,https://ml-traduction.fr/products/traduction-releve-de-notes,Français,Arabe,28
TRADUCTION RELEVÉ DE NOTES,https://ml-traduction.fr/products/traduction-releve-de-notes,Français,Turc,34
TRADUCTION RELEVÉ DE NOTES,https://ml-traduction.fr/products/traduction-releve-de-notes,Français,Russe,28
TRADUCTION RELEVÉ DE NOTES,https://ml-traduction.fr/products/traduction-releve-de-notes,Français,Albanais,34
TRADUCTION RELEVÉ DE NOTES,https://ml-traduction.fr/products/traduction-releve-de-notes,Français,Chinois,45
TRADUCTION RELEVÉ DE NOTES,https://ml-traduction.fr/products/traduction-releve-de-notes,Français,Portugais,34
TRADUCTION RELEVÉ DE NOTES,https://ml-traduction.fr/products/traduction-releve-de-notes,Français,Grec,45
TRADUCTION RELEVÉ DE NOTES,https://ml-traduction.fr/products/traduction-releve-de-notes,Français,Japonais,45
TRADUCTION RELEVÉ DE NOTES,https://ml-traduction.fr/products/traduction-releve-de-notes,Français,Néerlandais,34
TRADUCTION RELEVÉ DE NOTES,https://ml-traduction.fr/products/traduction-releve-de-notes,Français,Tchèque,34
TRADUCTION RELEVÉ DE NOTES,https://ml-traduction.fr/products/traduction-releve-de-notes,Français,Slovaque,34
TRADUCTION RELEVÉ DE NOTES,https://ml-traduction.fr/products/traduction-releve-de-notes,Français,Mandarin,70
TRADUCTION RELEVÉ DE NOTES,https://ml-traduction.fr/products/traduction-releve-de-notes,Français,Cantonais,70
TRADUCTION RELEVÉ DE NOTES,https://ml-traduction.fr/products/traduction-releve-de-notes,Français,Hongrois,34
TRADUCTION RELEVÉ DE NOTES,https://ml-traduction.fr/products/traduction-releve-de-notes,Français,Polonais,34
TRADUCTION RELEVÉ DE NOTES,https://ml-traduction.fr/products/traduction-releve-de-notes,Français,Serbe,45
TRADUCTION RELEVÉ DE NOTES,https://ml-traduction.fr/products/traduction-releve-de-notes,Français,Vietnamien,45
TRADUCTION RELEVÉ DE NOTES,https://ml-traduction.fr/products/traduction-releve-de-notes,Français,Coréen,45
TRADUCTION RELEVÉ DE NOTES,https://ml-traduction.fr/products/traduction-releve-de-notes,Français,Danois,45
TRADUCTION RELEVÉ DE NOTES,https://ml-traduction.fr/products/traduction-releve-de-notes,Français,Suédois,34
TRADUCTION RELEVÉ DE NOTES,https://ml-traduction.fr/products/traduction-releve-de-notes,Français,Thaïlandais,45
TRADUCTION RELEVÉ DE NOTES,https://ml-traduction.fr/products/traduction-releve-de-notes,Français,Croate,34
TRADUCTION RELEVÉ DE NOTES,https://ml-traduction.fr/products/traduction-releve-de-notes,Anglais,Français,28
TRADUCTION RELEVÉ DE NOTES,https://ml-traduction.fr/products/traduction-releve-de-notes,Allemand,Français,28
TRADUCTION RELEVÉ DE NOTES,https://ml-traduction.fr/products/traduction-releve-de-notes,Italien,Français,28
TRADUCTION RELEVÉ DE NOTES,https://ml-traduction.fr/products/traduction-releve-de-notes,Espagnol,Français,28
TRADUCTION RELEVÉ DE NOTES,https://ml-traduction.fr/products/traduction-releve-de-notes,Roumain,Français,34
TRADUCTION RELEVÉ DE NOTES,https://ml-traduction.fr/products/traduction-releve-de-notes,Arabe,Français,28
TRADUCTION RELEVÉ DE NOTES,https://ml-traduction.fr/products/traduction-releve-de-notes,Portugais,Français,28
TRADUCTION RELEVÉ DE NOTES,https://ml-traduction.fr/products/traduction-releve-de-notes,Néerlandais,Français,28
TRADUCTION RELEVÉ DE NOTES,https://ml-traduction.fr/products/traduction-releve-de-notes,Turc,Français,28
TRADUCTION RELEVÉ DE NOTES,https://ml-traduction.fr/products/traduction-releve-de-notes,Chinois,Français,45
TRADUCTION RELEVÉ DE NOTES,https://ml-traduction.fr/products/traduction-releve-de-notes,Chinois,Anglais,45
TRADUCTION RELEVÉ DE NOTES,https://ml-traduction.fr/products/traduction-releve-de-notes,Russe,Français,28
TRADUCTION RELEVÉ DE NOTES,https://ml-traduction.fr/products/traduction-releve-de-notes,Albanais,Français,34
TRADUCTION RELEVÉ DE NOTES,https://ml-traduction.fr/products/traduction-releve-de-notes,Ukrainien,Français,28
TRADUCTION RELEVÉ DE NOTES,https://ml-traduction.fr/products/traduction-releve-de-notes,Slovaque,Français,28
TRADUCTION RELEVÉ DE NOTES,https://ml-traduction.fr/products/traduction-releve-de-notes,Serbe,Français,45
TRADUCTION RELEVÉ DE NOTES,https://ml-traduction.fr/products/traduction-releve-de-notes,Grec,Français,34
TRADUCTION RELEVÉ DE NOTES,https://ml-traduction.fr/products/traduction-releve-de-notes,Japonais,Français,45
TRADUCTION RELEVÉ DE NOTES,https://ml-traduction.fr/products/traduction-releve-de-notes,Polonais,Français,28
TRADUCTION RELEVÉ DE NOTES,https://ml-traduction.fr/products/traduction-releve-de-notes,Mandarin,Français,70
TRADUCTION RELEVÉ DE NOTES,https://ml-traduction.fr/products/traduction-releve-de-notes,Cantonais,Français,70
TRADUCTION RELEVÉ DE NOTES,https://ml-traduction.fr/products/traduction-releve-de-notes,Hongrois,Français,34
TRADUCTION RELEVÉ DE NOTES,https://ml-traduction.fr/products/traduction-releve-de-notes,Géorgien,Français,34
TRADUCTION RELEVÉ DE NOTES,https://ml-traduction.fr/products/traduction-releve-de-notes,Tchèque,Français,34
TRADUCTION RELEVÉ DE NOTES,https://ml-traduction.fr/products/traduction-releve-de-notes,Vietnamien,Français,45
TRADUCTION RELEVÉ DE NOTES,https://ml-traduction.fr/products/traduction-releve-de-notes,Coréen,Français,45
TRADUCTION RELEVÉ DE NOTES,https://ml-traduction.fr/products/traduction-releve-de-notes,Danois,Français,45
TRADUCTION RELEVÉ DE NOTES,https://ml-traduction.fr/products/traduction-releve-de-notes,Suédois,Français,34
TRADUCTION RELEVÉ DE NOTES,https://ml-traduction.fr/products/traduction-releve-de-notes,Thaïlandais,Français,45
TRADUCTION RELEVÉ DE NOTES,https://ml-traduction.fr/products/traduction-releve-de-notes,Croate,Français,34
TRADUCTION RELEVÉ DE NOTES,https://ml-traduction.fr/products/traduction-releve-de-notes,Espagnol,Portugais,34
TRADUCTION RELEVÉ DE NOTES,https://ml-traduction.fr/products/traduction-releve-de-notes,Portugais,Espagnol,34
TRADUCTION DIPLÔME,https://ml-traduction.fr/products/traduction-diplome,Français,Anglais,28
TRADUCTION DIPLÔME,https://ml-traduction.fr/products/traduction-diplome,Français,Allemand,28
TRADUCTION DIPLÔME,https://ml-traduction.fr/products/traduction-diplome,Français,Italien,28
TRADUCTION DIPLÔME,https://ml-traduction.fr/products/traduction-diplome,Français,Espagnol,28
TRADUCTION DIPLÔME,https://ml-traduction.fr/products/traduction-diplome,Français,Roumain,34
TRADUCTION DIPLÔME,https://ml-traduction.fr/products/traduction-diplome,Français,Arabe,28
TRADUCTION DIPLÔME,https://ml-traduction.fr/products/traduction-diplome,Français,Turc,34
TRADUCTION DIPLÔME,https://ml-traduction.fr/products/traduction-diplome,Français,Russe,28
TRADUCTION DIPLÔME,https://ml-traduction.fr/products/traduction-diplome,Français,Albanais,34
TRADUCTION DIPLÔME,https://ml-traduction.fr/products/traduction-diplome,Français,Chinois,45
TRADUCTION DIPLÔME,https://ml-traduction.fr/products/traduction-diplome,Français,Portugais,34
TRADUCTION DIPLÔME,https://ml-traduction.fr/products/traduction-diplome,Français,Grec,45
TRADUCTION DIPLÔME,https://ml-traduction.fr/products/traduction-diplome,Français,Japonais,45
TRADUCTION DIPLÔME,https://ml-traduction.fr/products/traduction-diplome,Français,Néerlandais,34
TRADUCTION DIPLÔME,https://ml-traduction.fr/products/traduction-diplome,Français,Tchèque,34
TRADUCTION DIPLÔME,https://ml-traduction.fr/products/traduction-diplome,Français,Slovaque,34
TRADUCTION DIPLÔME,https://ml-traduction.fr/products/traduction-diplome,Français,Hongrois,34
TRADUCTION DIPLÔME,https://ml-traduction.fr/products/traduction-diplome,Français,Mandarin,70
TRADUCTION DIPLÔME,https://ml-traduction.fr/products/traduction-diplome,Français,Cantonais,70
TRADUCTION DIPLÔME,https://ml-traduction.fr/products/traduction-diplome,Français,Polonais,34
TRADUCTION DIPLÔME,https://ml-traduction.fr/products/traduction-diplome,Français,Serbe,45
TRADUCTION DIPLÔME,https://ml-traduction.fr/products/traduction-diplome,Français,Vietnamien,45
TRADUCTION DIPLÔME,https://ml-traduction.fr/products/traduction-diplome,Français,Coréen,45
TRADUCTION DIPLÔME,https://ml-traduction.fr/products/traduction-diplome,Français,Danois,45
TRADUCTION DIPLÔME,https://ml-traduction.fr/products/traduction-diplome,Français,Suédois,34
TRADUCTION DIPLÔME,https://ml-traduction.fr/products/traduction-diplome,Français,Thaïlandais,45
TRADUCTION DIPLÔME,https://ml-traduction.fr/products/traduction-diplome,Français,Croate,34
TRADUCTION DIPLÔME,https://ml-traduction.fr/products/traduction-diplome,Anglais,Français,28
TRADUCTION DIPLÔME,https://ml-traduction.fr/products/traduction-diplome,Allemand,Français,28
TRADUCTION DIPLÔME,https://ml-traduction.fr/products/traduction-diplome,Italien,Français,28
TRADUCTION DIPLÔME,https://ml-traduction.fr/products/traduction-diplome,Espagnol,Français,28
TRADUCTION DIPLÔME,https://ml-traduction.fr/products/traduction-diplome,Roumain,Français,34
TRADUCTION DIPLÔME,https://ml-traduction.fr/products/traduction-diplome,Arabe,Français,28
TRADUCTION DIPLÔME,https://ml-traduction.fr/products/traduction-diplome,Portugais,Français,28
TRADUCTION DIPLÔME,https://ml-traduction.fr/products/traduction-diplome,Néerlandais,Français,28
TRADUCTION DIPLÔME,https://ml-traduction.fr/products/traduction-diplome,Turc,Français,28
TRADUCTION DIPLÔME,https://ml-traduction.fr/products/traduction-diplome,Chinois,Français,45
TRADUCTION DIPLÔME,https://ml-traduction.fr/products/traduction-diplome,Chinois,Anglais,45
TRADUCTION DIPLÔME,https://ml-traduction.fr/products/traduction-diplome,Russe,Français,28
TRADUCTION DIPLÔME,https://ml-traduction.fr/products/traduction-diplome,Albanais,Français,34
TRADUCTION DIPLÔME,https://ml-traduction.fr/products/traduction-diplome,Ukrainien,Français,28
TRADUCTION DIPLÔME,https://ml-traduction.fr/products/traduction-diplome,Slovaque,Français,28
TRADUCTION DIPLÔME,https://ml-traduction.fr/products/traduction-diplome,Serbe,Français,45
TRADUCTION DIPLÔME,https://ml-traduction.fr/products/traduction-diplome,Grec,Français,34
TRADUCTION DIPLÔME,https://ml-traduction.fr/products/traduction-diplome,Japonais,Français,45
TRADUCTION DIPLÔME,https://ml-traduction.fr/products/traduction-diplome,Polonais,Français,28
TRADUCTION DIPLÔME,https://ml-traduction.fr/products/traduction-diplome,Mandarin,Français,70
TRADUCTION DIPLÔME,https://ml-traduction.fr/products/traduction-diplome,Cantonais,Français,70
TRADUCTION DIPLÔME,https://ml-traduction.fr/products/traduction-diplome,Hongrois,Français,34
TRADUCTION DIPLÔME,https://ml-traduction.fr/products/traduction-diplome,Géorgien,Français,34
TRADUCTION DIPLÔME,https://ml-traduction.fr/products/traduction-diplome,Tchèque,Français,34
TRADUCTION DIPLÔME,https://ml-traduction.fr/products/traduction-diplome,Slovaque,Français,34
TRADUCTION DIPLÔME,https://ml-traduction.fr/products/traduction-diplome,Vietnamien,Français,45
TRADUCTION DIPLÔME,https://ml-traduction.fr/products/traduction-diplome,Coréen,Français,45
TRADUCTION DIPLÔME,https://ml-traduction.fr/products/traduction-diplome,Danois,Français,45
TRADUCTION DIPLÔME,https://ml-traduction.fr/products/traduction-diplome,Suédois,Français,34
TRADUCTION DIPLÔME,https://ml-traduction.fr/products/traduction-diplome,Thaïlandais,Français,45
TRADUCTION DIPLÔME,https://ml-traduction.fr/products/traduction-diplome,Croate,Français,34
TRADUCTION DIPLÔME,https://ml-traduction.fr/products/traduction-diplome,Portugais,Espagnol,34
TRADUCTION DIPLÔME,https://ml-traduction.fr/products/traduction-diplome,Espagnol,Portugais,34
TRADUCTION PERMIS DE CONDUIRE,https://ml-traduction.fr/products/traduction-permis-de-conduire,Français,Anglais,28
TRADUCTION PERMIS DE CONDUIRE,https://ml-traduction.fr/products/traduction-permis-de-conduire,Français,Allemand,28
TRADUCTION PERMIS DE CONDUIRE,https://ml-traduction.fr/products/traduction-permis-de-conduire,Français,Italien,28
TRADUCTION PERMIS DE CONDUIRE,https://ml-traduction.fr/products/traduction-permis-de-conduire,Français,Espagnol,32
TRADUCTION PERMIS DE CONDUIRE,https://ml-traduction.fr/products/traduction-permis-de-conduire,Français,Roumain,34
TRADUCTION PERMIS DE CONDUIRE,https://ml-traduction.fr/products/traduction-permis-de-conduire,Français,Arabe,28
TRADUCTION PERMIS DE CONDUIRE,https://ml-traduction.fr/products/traduction-permis-de-conduire,Français,Turc,34
TRADUCTION PERMIS DE CONDUIRE,https://ml-traduction.fr/products/traduction-permis-de-conduire,Français,Russe,28
TRADUCTION PERMIS DE CONDUIRE,https://ml-traduction.fr/products/traduction-permis-de-conduire,Français,Albanais,34
TRADUCTION PERMIS DE CONDUIRE,https://ml-traduction.fr/products/traduction-permis-de-conduire,Français,Chinois,45
TRADUCTION PERMIS DE CONDUIRE,https://ml-traduction.fr/products/traduction-permis-de-conduire,Français,Portugais,34
TRADUCTION PERMIS DE CONDUIRE,https://ml-traduction.fr/products/traduction-permis-de-conduire,Français,Grec,45
TRADUCTION PERMIS DE CONDUIRE,https://ml-traduction.fr/products/traduction-permis-de-conduire,Français,Japonais,45
TRADUCTION PERMIS DE CONDUIRE,https://ml-traduction.fr/products/traduction-permis-de-conduire,Français,Néerlandais,34
TRADUCTION PERMIS DE CONDUIRE,https://ml-traduction.fr/products/traduction-permis-de-conduire,Français,Tchèque,34
TRADUCTION PERMIS DE CONDUIRE,https://ml-traduction.fr/products/traduction-permis-de-conduire,Français,Slovaque,34
TRADUCTION PERMIS DE CONDUIRE,https://ml-traduction.fr/products/traduction-permis-de-conduire,Français,Mandarin,70
TRADUCTION PERMIS DE CONDUIRE,https://ml-traduction.fr/products/traduction-permis-de-conduire,Français,Cantonais,70
TRADUCTION PERMIS DE CONDUIRE,https://ml-traduction.fr/products/traduction-permis-de-conduire,Français,Hongrois,34
TRADUCTION PERMIS DE CONDUIRE,https://ml-traduction.fr/products/traduction-permis-de-conduire,Français,Polonais,34
TRADUCTION PERMIS DE CONDUIRE,https://ml-traduction.fr/products/traduction-permis-de-conduire,Français,Serbe,45
TRADUCTION PERMIS DE CONDUIRE,https://ml-traduction.fr/products/traduction-permis-de-conduire,Français,Vietnamien,45
TRADUCTION PERMIS DE CONDUIRE,https://ml-traduction.fr/products/traduction-permis-de-conduire,Français,Coréen,45
TRADUCTION PERMIS DE CONDUIRE,https://ml-traduction.fr/products/traduction-permis-de-conduire,Français,Danois,45
TRADUCTION PERMIS DE CONDUIRE,https://ml-traduction.fr/products/traduction-permis-de-conduire,Français,Suédois,34
TRADUCTION PERMIS DE CONDUIRE,https://ml-traduction.fr/products/traduction-permis-de-conduire,Français,Thaïlandais,45
TRADUCTION PERMIS DE CONDUIRE,https://ml-traduction.fr/products/traduction-permis-de-conduire,Français,Croate,34
TRADUCTION PERMIS DE CONDUIRE,https://ml-traduction.fr/products/traduction-permis-de-conduire,Anglais,Français,28
TRADUCTION PERMIS DE CONDUIRE,https://ml-traduction.fr/products/traduction-permis-de-conduire,Allemand,Français,28
TRADUCTION PERMIS DE CONDUIRE,https://ml-traduction.fr/products/traduction-permis-de-conduire,Italien,Français,28
TRADUCTION PERMIS DE CONDUIRE,https://ml-traduction.fr/products/traduction-permis-de-conduire,Espagnol,Français,28
TRADUCTION PERMIS DE CONDUIRE,https://ml-traduction.fr/products/traduction-permis-de-conduire,Roumain,Français,34
TRADUCTION PERMIS DE CONDUIRE,https://ml-traduction.fr/products/traduction-permis-de-conduire,Arabe,Français,28
TRADUCTION PERMIS DE CONDUIRE,https://ml-traduction.fr/products/traduction-permis-de-conduire,Portugais,Français,28
TRADUCTION PERMIS DE CONDUIRE,https://ml-traduction.fr/products/traduction-permis-de-conduire,Néerlandais,Français,28
TRADUCTION PERMIS DE CONDUIRE,https://ml-traduction.fr/products/traduction-permis-de-conduire,Turc,Français,28
TRADUCTION PERMIS DE CONDUIRE,https://ml-traduction.fr/products/traduction-permis-de-conduire,Chinois,Français,45
TRADUCTION PERMIS DE CONDUIRE,https://ml-traduction.fr/products/traduction-permis-de-conduire,Chinois,Anglais,45
TRADUCTION PERMIS DE CONDUIRE,https://ml-traduction.fr/products/traduction-permis-de-conduire,Russe,Français,28
TRADUCTION PERMIS DE CONDUIRE,https://ml-traduction.fr/products/traduction-permis-de-conduire,Albanais,Français,34
TRADUCTION PERMIS DE CONDUIRE,https://ml-traduction.fr/products/traduction-permis-de-conduire,Ukrainien,Français,28
TRADUCTION PERMIS DE CONDUIRE,https://ml-traduction.fr/products/traduction-permis-de-conduire,Slovaque,Français,28
TRADUCTION PERMIS DE CONDUIRE,https://ml-traduction.fr/products/traduction-permis-de-conduire,Serbe,Français,45
TRADUCTION PERMIS DE CONDUIRE,https://ml-traduction.fr/products/traduction-permis-de-conduire,Grec,Français,34
TRADUCTION PERMIS DE CONDUIRE,https://ml-traduction.fr/products/traduction-permis-de-conduire,Japonais,Français,45
TRADUCTION PERMIS DE CONDUIRE,https://ml-traduction.fr/products/traduction-permis-de-conduire,Polonais,Français,28
TRADUCTION PERMIS DE CONDUIRE,https://ml-traduction.fr/products/traduction-permis-de-conduire,Mandarin,Français,70
TRADUCTION PERMIS DE CONDUIRE,https://ml-traduction.fr/products/traduction-permis-de-conduire,Cantonais,Français,70
TRADUCTION PERMIS DE CONDUIRE,https://ml-traduction.fr/products/traduction-permis-de-conduire,Hongrois,Français,34
TRADUCTION PERMIS DE CONDUIRE,https://ml-traduction.fr/products/traduction-permis-de-conduire,Géorgien,Français,34
TRADUCTION PERMIS DE CONDUIRE,https://ml-traduction.fr/products/traduction-permis-de-conduire,Tchèque,Français,34
TRADUCTION PERMIS DE CONDUIRE,https://ml-traduction.fr/products/traduction-permis-de-conduire,Vietnamien,Français,45
TRADUCTION PERMIS DE CONDUIRE,https://ml-traduction.fr/products/traduction-permis-de-conduire,Slovaque,Français,34
TRADUCTION PERMIS DE CONDUIRE,https://ml-traduction.fr/products/traduction-permis-de-conduire,Coréen,Français,45
TRADUCTION PERMIS DE CONDUIRE,https://ml-traduction.fr/products/traduction-permis-de-conduire,Danois,Français,45
TRADUCTION PERMIS DE CONDUIRE,https://ml-traduction.fr/products/traduction-permis-de-conduire,Suédois,Français,34
TRADUCTION PERMIS DE CONDUIRE,https://ml-traduction.fr/products/traduction-permis-de-conduire,Thaïlandais,Français,45
TRADUCTION PERMIS DE CONDUIRE,https://ml-traduction.fr/products/traduction-permis-de-conduire,Croate,Français,34
TRADUCTION PERMIS DE CONDUIRE,https://ml-traduction.fr/products/traduction-permis-de-conduire,Portugais,Espagnol,34
TRADUCTION PERMIS DE CONDUIRE,https://ml-traduction.fr/products/traduction-permis-de-conduire,Espagnol,Portugais,34
TRADUCTION EXTRAIT DE CASIER JUDICIAIRE,https://ml-traduction.fr/products/traduction-casier-judiciaire,Français,Anglais,28
TRADUCTION EXTRAIT DE CASIER JUDICIAIRE,https://ml-traduction.fr/products/traduction-casier-judiciaire,Français,Allemand,28
TRADUCTION EXTRAIT DE CASIER JUDICIAIRE,https://ml-traduction.fr/products/traduction-casier-judiciaire,Français,Italien,28
TRADUCTION EXTRAIT DE CASIER JUDICIAIRE,https://ml-traduction.fr/products/traduction-casier-judiciaire,Français,Espagnol,32
TRADUCTION EXTRAIT DE CASIER JUDICIAIRE,https://ml-traduction.fr/products/traduction-casier-judiciaire,Français,Roumain,34
TRADUCTION EXTRAIT DE CASIER JUDICIAIRE,https://ml-traduction.fr/products/traduction-casier-judiciaire,Français,Arabe,32
TRADUCTION EXTRAIT DE CASIER JUDICIAIRE,https://ml-traduction.fr/products/traduction-casier-judiciaire,Français,Turc,34
TRADUCTION EXTRAIT DE CASIER JUDICIAIRE,https://ml-traduction.fr/products/traduction-casier-judiciaire,Français,Russe,28
TRADUCTION EXTRAIT DE CASIER JUDICIAIRE,https://ml-traduction.fr/products/traduction-casier-judiciaire,Français,Albanais,34
TRADUCTION EXTRAIT DE CASIER JUDICIAIRE,https://ml-traduction.fr/products/traduction-casier-judiciaire,Français,Chinois,45
TRADUCTION EXTRAIT DE CASIER JUDICIAIRE,https://ml-traduction.fr/products/traduction-casier-judiciaire,Français,Portugais,34
TRADUCTION EXTRAIT DE CASIER JUDICIAIRE,https://ml-traduction.fr/products/traduction-casier-judiciaire,Français,Grec,45
TRADUCTION EXTRAIT DE CASIER JUDICIAIRE,https://ml-traduction.fr/products/traduction-casier-judiciaire,Français,Japonais,45
TRADUCTION EXTRAIT DE CASIER JUDICIAIRE,https://ml-traduction.fr/products/traduction-casier-judiciaire,Français,Néerlandais,34
TRADUCTION EXTRAIT DE CASIER JUDICIAIRE,https://ml-traduction.fr/products/traduction-casier-judiciaire,Français,Tchèque,34
TRADUCTION EXTRAIT DE CASIER JUDICIAIRE,https://ml-traduction.fr/products/traduction-casier-judiciaire,Français,Slovaque,34
TRADUCTION EXTRAIT DE CASIER JUDICIAIRE,https://ml-traduction.fr/products/traduction-casier-judiciaire,Français,Cantonais,70
TRADUCTION EXTRAIT DE CASIER JUDICIAIRE,https://ml-traduction.fr/products/traduction-casier-judiciaire,Français,Hongrois,34
TRADUCTION EXTRAIT DE CASIER JUDICIAIRE,https://ml-traduction.fr/products/traduction-casier-judiciaire,Français,Mandarin,70
TRADUCTION EXTRAIT DE CASIER JUDICIAIRE,https://ml-traduction.fr/products/traduction-casier-judiciaire,Français,Polonais,34
TRADUCTION EXTRAIT DE CASIER JUDICIAIRE,https://ml-traduction.fr/products/traduction-casier-judiciaire,Français,Serbe,45
TRADUCTION EXTRAIT DE CASIER JUDICIAIRE,https://ml-traduction.fr/products/traduction-casier-judiciaire,Français,Vietnamien,45
TRADUCTION EXTRAIT DE CASIER JUDICIAIRE,https://ml-traduction.fr/products/traduction-casier-judiciaire,Français,Coréen,45
TRADUCTION EXTRAIT DE CASIER JUDICIAIRE,https://ml-traduction.fr/products/traduction-casier-judiciaire,Français,Danois,45
TRADUCTION EXTRAIT DE CASIER JUDICIAIRE,https://ml-traduction.fr/products/traduction-casier-judiciaire,Français,Suédois,34
TRADUCTION EXTRAIT DE CASIER JUDICIAIRE,https://ml-traduction.fr/products/traduction-casier-judiciaire,Français,Thaïlandais,45
TRADUCTION EXTRAIT DE CASIER JUDICIAIRE,https://ml-traduction.fr/products/traduction-casier-judiciaire,Français,Croate,34
TRADUCTION EXTRAIT DE CASIER JUDICIAIRE,https://ml-traduction.fr/products/traduction-casier-judiciaire,Anglais,Français,28
TRADUCTION EXTRAIT DE CASIER JUDICIAIRE,https://ml-traduction.fr/products/traduction-casier-judiciaire,Allemand,Français,28
TRADUCTION EXTRAIT DE CASIER JUDICIAIRE,https://ml-traduction.fr/products/traduction-casier-judiciaire,Italien,Français,28
TRADUCTION EXTRAIT DE CASIER JUDICIAIRE,https://ml-traduction.fr/products/traduction-casier-judiciaire,Espagnol,Français,28
TRADUCTION EXTRAIT DE CASIER JUDICIAIRE,https://ml-traduction.fr/products/traduction-casier-judiciaire,Roumain,Français,34
TRADUCTION EXTRAIT DE CASIER JUDICIAIRE,https://ml-traduction.fr/products/traduction-casier-judiciaire,Arabe,Français,28
TRADUCTION EXTRAIT DE CASIER JUDICIAIRE,https://ml-traduction.fr/products/traduction-casier-judiciaire,Portugais,Français,28
TRADUCTION EXTRAIT DE CASIER JUDICIAIRE,https://ml-traduction.fr/products/traduction-casier-judiciaire,Néerlandais,Français,28
TRADUCTION EXTRAIT DE CASIER JUDICIAIRE,https://ml-traduction.fr/products/traduction-casier-judiciaire,Turc,Français,28
TRADUCTION EXTRAIT DE CASIER JUDICIAIRE,https://ml-traduction.fr/products/traduction-casier-judiciaire,Chinois,Français,45
TRADUCTION EXTRAIT DE CASIER JUDICIAIRE,https://ml-traduction.fr/products/traduction-casier-judiciaire,Chinois,Anglais,45
TRADUCTION EXTRAIT DE CASIER JUDICIAIRE,https://ml-traduction.fr/products/traduction-casier-judiciaire,Russe,Français,28
TRADUCTION EXTRAIT DE CASIER JUDICIAIRE,https://ml-traduction.fr/products/traduction-casier-judiciaire,Albanais,Français,34
TRADUCTION EXTRAIT DE CASIER JUDICIAIRE,https://ml-traduction.fr/products/traduction-casier-judiciaire,Ukrainien,Français,28
TRADUCTION EXTRAIT DE CASIER JUDICIAIRE,https://ml-traduction.fr/products/traduction-casier-judiciaire,Slovaque,Français,28
TRADUCTION EXTRAIT DE CASIER JUDICIAIRE,https://ml-traduction.fr/products/traduction-casier-judiciaire,Serbe,Français,45
TRADUCTION EXTRAIT DE CASIER JUDICIAIRE,https://ml-traduction.fr/products/traduction-casier-judiciaire,Grec,Français,34
TRADUCTION EXTRAIT DE CASIER JUDICIAIRE,https://ml-traduction.fr/products/traduction-casier-judiciaire,Japonais,Français,45
TRADUCTION EXTRAIT DE CASIER JUDICIAIRE,https://ml-traduction.fr/products/traduction-casier-judiciaire,Polonais,Français,28
TRADUCTION EXTRAIT DE CASIER JUDICIAIRE,https://ml-traduction.fr/products/traduction-casier-judiciaire,Mandarin,Français,70
TRADUCTION EXTRAIT DE CASIER JUDICIAIRE,https://ml-traduction.fr/products/traduction-casier-judiciaire,Cantonais,Français,70
TRADUCTION EXTRAIT DE CASIER JUDICIAIRE,https://ml-traduction.fr/products/traduction-casier-judiciaire,Hongrois,Français,34
TRADUCTION EXTRAIT DE CASIER JUDICIAIRE,https://ml-traduction.fr/products/traduction-casier-judiciaire,Géorgien,Français,34
TRADUCTION EXTRAIT DE CASIER JUDICIAIRE,https://ml-traduction.fr/products/traduction-casier-judiciaire,Tchèque,Français,34
TRADUCTION EXTRAIT DE CASIER JUDICIAIRE,https://ml-traduction.fr/products/traduction-casier-judiciaire,Slovaque,Français,34
TRADUCTION EXTRAIT DE CASIER JUDICIAIRE,https://ml-traduction.fr/products/traduction-casier-judiciaire,Vietnamien,Français,45
TRADUCTION EXTRAIT DE CASIER JUDICIAIRE,https://ml-traduction.fr/products/traduction-casier-judiciaire,Coréen,Français,45
TRADUCTION EXTRAIT DE CASIER JUDICIAIRE,https://ml-traduction.fr/products/traduction-casier-judiciaire,Danois,Français,45
TRADUCTION EXTRAIT DE CASIER JUDICIAIRE,https://ml-traduction.fr/products/traduction-casier-judiciaire,Suédois,Français,34
TRADUCTION EXTRAIT DE CASIER JUDICIAIRE,https://ml-traduction.fr/products/traduction-casier-judiciaire,Thaïlandais,Français,45
TRADUCTION EXTRAIT DE CASIER JUDICIAIRE,https://ml-traduction.fr/products/traduction-casier-judiciaire,Croate,Français,34
TRADUCTION EXTRAIT DE CASIER JUDICIAIRE,https://ml-traduction.fr/products/traduction-casier-judiciaire,Portugais,Espagnol,34
TRADUCTION EXTRAIT DE CASIER JUDICIAIRE,https://ml-traduction.fr/products/traduction-casier-judiciaire,Espagnol,Portugais,34
TRADUCTION ACTE DE MARIAGE,https://ml-traduction.fr/products/traduction-acte-de-mariage,Français,Anglais,36
TRADUCTION ACTE DE MARIAGE,https://ml-traduction.fr/products/traduction-acte-de-mariage,Français,Allemand,36
TRADUCTION ACTE DE MARIAGE,https://ml-traduction.fr/products/traduction-acte-de-mariage,Français,Italien,36
TRADUCTION ACTE DE MARIAGE,https://ml-traduction.fr/products/traduction-acte-de-mariage,Français,Espagnol,36
TRADUCTION ACTE DE MARIAGE,https://ml-traduction.fr/products/traduction-acte-de-mariage,Français,Roumain,42
TRADUCTION ACTE DE MARIAGE,https://ml-traduction.fr/products/traduction-acte-de-mariage,Français,Arabe,36
TRADUCTION ACTE DE MARIAGE,https://ml-traduction.fr/products/traduction-acte-de-mariage,Français,Turc,42
TRADUCTION ACTE DE MARIAGE,https://ml-traduction.fr/products/traduction-acte-de-mariage,Français,Russe,36
TRADUCTION ACTE DE MARIAGE,https://ml-traduction.fr/products/traduction-acte-de-mariage,Français,Albanais,42
TRADUCTION ACTE DE MARIAGE,https://ml-traduction.fr/products/traduction-acte-de-mariage,Français,Chinois,65
TRADUCTION ACTE DE MARIAGE,https://ml-traduction.fr/products/traduction-acte-de-mariage,Français,Portugais,42
TRADUCTION ACTE DE MARIAGE,https://ml-traduction.fr/products/traduction-acte-de-mariage,Français,Grec,52
TRADUCTION ACTE DE MARIAGE,https://ml-traduction.fr/products/traduction-acte-de-mariage,Français,Japonais,65
TRADUCTION ACTE DE MARIAGE,https://ml-traduction.fr/products/traduction-acte-de-mariage,Français,Néerlandais,42
TRADUCTION ACTE DE MARIAGE,https://ml-traduction.fr/products/traduction-acte-de-mariage,Français,Tchèque,42
TRADUCTION ACTE DE MARIAGE,https://ml-traduction.fr/products/traduction-acte-de-mariage,Français,Slovaque,42
TRADUCTION ACTE DE MARIAGE,https://ml-traduction.fr/products/traduction-acte-de-mariage,Français,Mandarin,70
TRADUCTION ACTE DE MARIAGE,https://ml-traduction.fr/products/traduction-acte-de-mariage,Français,Cantonais,70
TRADUCTION ACTE DE MARIAGE,https://ml-traduction.fr/products/traduction-acte-de-mariage,Français,Hongrois,42
TRADUCTION ACTE DE MARIAGE,https://ml-traduction.fr/products/traduction-acte-de-mariage,Français,Polonais,42
TRADUCTION ACTE DE MARIAGE,https://ml-traduction.fr/products/traduction-acte-de-mariage,Français,Serbe,45
TRADUCTION ACTE DE MARIAGE,https://ml-traduction.fr/products/traduction-acte-de-mariage,Français,Vietnamien,65
TRADUCTION ACTE DE MARIAGE,https://ml-traduction.fr/products/traduction-acte-de-mariage,Français,Coréen,65
TRADUCTION ACTE DE MARIAGE,https://ml-traduction.fr/products/traduction-acte-de-mariage,Français,Danois,45
TRADUCTION ACTE DE MARIAGE,https://ml-traduction.fr/products/traduction-acte-de-mariage,Français,Suédois,43
TRADUCTION ACTE DE MARIAGE,https://ml-traduction.fr/products/traduction-acte-de-mariage,Français,Thaïlandais,65
TRADUCTION ACTE DE MARIAGE,https://ml-traduction.fr/products/traduction-acte-de-mariage,Français,Croate,42
TRADUCTION ACTE DE MARIAGE,https://ml-traduction.fr/products/traduction-acte-de-mariage,Anglais,Français,36
TRADUCTION ACTE DE MARIAGE,https://ml-traduction.fr/products/traduction-acte-de-mariage,Allemand,Français,36
TRADUCTION ACTE DE MARIAGE,https://ml-traduction.fr/products/traduction-acte-de-mariage,Italien,Français,36
TRADUCTION ACTE DE MARIAGE,https://ml-traduction.fr/products/traduction-acte-de-mariage,Espagnol,Français,36
TRADUCTION ACTE DE MARIAGE,https://ml-traduction.fr/products/traduction-acte-de-mariage,Roumain,Français,42
TRADUCTION ACTE DE MARIAGE,https://ml-traduction.fr/products/traduction-acte-de-mariage,Arabe,Français,36
TRADUCTION ACTE DE MARIAGE,https://ml-traduction.fr/products/traduction-acte-de-mariage,Portugais,Français,36
TRADUCTION ACTE DE MARIAGE,https://ml-traduction.fr/products/traduction-acte-de-mariage,Néerlandais,Français,36
TRADUCTION ACTE DE MARIAGE,https://ml-traduction.fr/products/traduction-acte-de-mariage,Turc,Français,36
TRADUCTION ACTE DE MARIAGE,https://ml-traduction.fr/products/traduction-acte-de-mariage,Chinois,Français,65
TRADUCTION ACTE DE MARIAGE,https://ml-traduction.fr/products/traduction-acte-de-mariage,Chinois,Anglais,65
TRADUCTION ACTE DE MARIAGE,https://ml-traduction.fr/products/traduction-acte-de-mariage,Russe,Français,36
TRADUCTION ACTE DE MARIAGE,https://ml-traduction.fr/products/traduction-acte-de-mariage,Albanais,Français,42
TRADUCTION ACTE DE MARIAGE,https://ml-traduction.fr/products/traduction-acte-de-mariage,Ukrainien,Français,36
TRADUCTION ACTE DE MARIAGE,https://ml-traduction.fr/products/traduction-acte-de-mariage,Slovaque,Français,36
TRADUCTION ACTE DE MARIAGE,https://ml-traduction.fr/products/traduction-acte-de-mariage,Serbe,Français,45
TRADUCTION ACTE DE MARIAGE,https://ml-traduction.fr/products/traduction-acte-de-mariage,Grec,Français,36
TRADUCTION ACTE DE MARIAGE,https://ml-traduction.fr/products/traduction-acte-de-mariage,Japonais,Français,65
TRADUCTION ACTE DE MARIAGE,https://ml-traduction.fr/products/traduction-acte-de-mariage,Polonais,Français,36
TRADUCTION ACTE DE MARIAGE,https://ml-traduction.fr/products/traduction-acte-de-mariage,Mandarin,Français,70
TRADUCTION ACTE DE MARIAGE,https://ml-traduction.fr/products/traduction-acte-de-mariage,Cantonais,Français,70
TRADUCTION ACTE DE MARIAGE,https://ml-traduction.fr/products/traduction-acte-de-mariage,Hongrois,Français,42
TRADUCTION ACTE DE MARIAGE,https://ml-traduction.fr/products/traduction-acte-de-mariage,Géorgien,Français,42
TRADUCTION ACTE DE MARIAGE,https://ml-traduction.fr/products/traduction-acte-de-mariage,Tchèque,Français,42
TRADUCTION ACTE DE MARIAGE,https://ml-traduction.fr/products/traduction-acte-de-mariage,Slovaque,Français,42
TRADUCTION ACTE DE MARIAGE,https://ml-traduction.fr/products/traduction-acte-de-mariage,Vietnamien,Français,65
TRADUCTION ACTE DE MARIAGE,https://ml-traduction.fr/products/traduction-acte-de-mariage,Coréen,Français,65
TRADUCTION ACTE DE MARIAGE,https://ml-traduction.fr/products/traduction-acte-de-mariage,Danois,Français,45
TRADUCTION ACTE DE MARIAGE,https://ml-traduction.fr/products/traduction-acte-de-mariage,Suédois,Français,43
TRADUCTION ACTE DE MARIAGE,https://ml-traduction.fr/products/traduction-acte-de-mariage,Thaïlandais,Français,65
TRADUCTION ACTE DE MARIAGE,https://ml-traduction.fr/products/traduction-acte-de-mariage,Croate,Français,42
TRADUCTION ACTE DE MARIAGE,https://ml-traduction.fr/products/traduction-acte-de-mariage,Portugais,Espagnol,42
TRADUCTION ACTE DE MARIAGE,https://ml-traduction.fr/products/traduction-acte-de-mariage,Espagnol,Portugais,42
TRADUCTION ACTE DE DÉCÈS,https://ml-traduction.fr/products/traduction-acte-de-deces-1,Français,Anglais,32
TRADUCTION ACTE DE DÉCÈS,https://ml-traduction.fr/products/traduction-acte-de-deces-1,Français,Allemand,32
TRADUCTION ACTE DE DÉCÈS,https://ml-traduction.fr/products/traduction-acte-de-deces-1,Français,Italien,32
TRADUCTION ACTE DE DÉCÈS,https://ml-traduction.fr/products/traduction-acte-de-deces-1,Français,Espagnol,32
TRADUCTION ACTE DE DÉCÈS,https://ml-traduction.fr/products/traduction-acte-de-deces-1,Français,Roumain,34
TRADUCTION ACTE DE DÉCÈS,https://ml-traduction.fr/products/traduction-acte-de-deces-1,Français,Arabe,32
TRADUCTION ACTE DE DÉCÈS,https://ml-traduction.fr/products/traduction-acte-de-deces-1,Français,Turc,34
TRADUCTION ACTE DE DÉCÈS,https://ml-traduction.fr/products/traduction-acte-de-deces-1,Français,Russe,32
TRADUCTION ACTE DE DÉCÈS,https://ml-traduction.fr/products/traduction-acte-de-deces-1,Français,Albanais,32
TRADUCTION ACTE DE DÉCÈS,https://ml-traduction.fr/products/traduction-acte-de-deces-1,Français,Chinois,45
TRADUCTION ACTE DE DÉCÈS,https://ml-traduction.fr/products/traduction-acte-de-deces-1,Français,Portugais,34
TRADUCTION ACTE DE DÉCÈS,https://ml-traduction.fr/products/traduction-acte-de-deces-1,Français,Grec,45
TRADUCTION ACTE DE DÉCÈS,https://ml-traduction.fr/products/traduction-acte-de-deces-1,Français,Japonais,45
TRADUCTION ACTE DE DÉCÈS,https://ml-traduction.fr/products/traduction-acte-de-deces-1,Français,Néerlandais,34
TRADUCTION ACTE DE DÉCÈS,https://ml-traduction.fr/products/traduction-acte-de-deces-1,Français,Tchèque,34
TRADUCTION ACTE DE DÉCÈS,https://ml-traduction.fr/products/traduction-acte-de-deces-1,Français,Slovaque,34
TRADUCTION ACTE DE DÉCÈS,https://ml-traduction.fr/products/traduction-acte-de-deces-1,Français,Cantonais,70
TRADUCTION ACTE DE DÉCÈS,https://ml-traduction.fr/products/traduction-acte-de-deces-1,Français,Hongrois,34
TRADUCTION ACTE DE DÉCÈS,https://ml-traduction.fr/products/traduction-acte-de-deces-1,Français,Mandarin,70
TRADUCTION ACTE DE DÉCÈS,https://ml-traduction.fr/products/traduction-acte-de-deces-1,Français,Polonais,34
TRADUCTION ACTE DE DÉCÈS,https://ml-traduction.fr/products/traduction-acte-de-deces-1,Français,Serbe,45
TRADUCTION ACTE DE DÉCÈS,https://ml-traduction.fr/products/traduction-acte-de-deces-1,Français,Vietnamien,45
TRADUCTION ACTE DE DÉCÈS,https://ml-traduction.fr/products/traduction-acte-de-deces-1,Français,Coréen,45
TRADUCTION ACTE DE DÉCÈS,https://ml-traduction.fr/products/traduction-acte-de-deces-1,Français,Danois,45
TRADUCTION ACTE DE DÉCÈS,https://ml-traduction.fr/products/traduction-acte-de-deces-1,Français,Suédois,43
TRADUCTION ACTE DE DÉCÈS,https://ml-traduction.fr/products/traduction-acte-de-deces-1,Français,Thaïlandais,65
TRADUCTION ACTE DE DÉCÈS,https://ml-traduction.fr/products/traduction-acte-de-deces-1,Français,Croate,34
TRADUCTION ACTE DE DÉCÈS,https://ml-traduction.fr/products/traduction-acte-de-deces-1,Anglais,Français,32
TRADUCTION ACTE DE DÉCÈS,https://ml-traduction.fr/products/traduction-acte-de-deces-1,Allemand,Français,32
TRADUCTION ACTE DE DÉCÈS,https://ml-traduction.fr/products/traduction-acte-de-deces-1,Italien,Français,32
TRADUCTION ACTE DE DÉCÈS,https://ml-traduction.fr/products/traduction-acte-de-deces-1,Espagnol,Français,32
TRADUCTION ACTE DE DÉCÈS,https://ml-traduction.fr/products/traduction-acte-de-deces-1,Roumain,Français,34
TRADUCTION ACTE DE DÉCÈS,https://ml-traduction.fr/products/traduction-acte-de-deces-1,Arabe,Français,32
TRADUCTION ACTE DE DÉCÈS,https://ml-traduction.fr/products/traduction-acte-de-deces-1,Portugais,Français,32
TRADUCTION ACTE DE DÉCÈS,https://ml-traduction.fr/products/traduction-acte-de-deces-1,Néerlandais,Français,32
TRADUCTION ACTE DE DÉCÈS,https://ml-traduction.fr/products/traduction-acte-de-deces-1,Turc,Français,32
TRADUCTION ACTE DE DÉCÈS,https://ml-traduction.fr/products/traduction-acte-de-deces-1,Chinois,Français,45
TRADUCTION ACTE DE DÉCÈS,https://ml-traduction.fr/products/traduction-acte-de-deces-1,Chinois,Anglais,45
TRADUCTION ACTE DE DÉCÈS,https://ml-traduction.fr/products/traduction-acte-de-deces-1,Russe,Français,32
TRADUCTION ACTE DE DÉCÈS,https://ml-traduction.fr/products/traduction-acte-de-deces-1,Albanais,Français,32
TRADUCTION ACTE DE DÉCÈS,https://ml-traduction.fr/products/traduction-acte-de-deces-1,Ukrainien,Français,32
TRADUCTION ACTE DE DÉCÈS,https://ml-traduction.fr/products/traduction-acte-de-deces-1,Slovaque,Français,32
TRADUCTION ACTE DE DÉCÈS,https://ml-traduction.fr/products/traduction-acte-de-deces-1,Serbe,Français,45
TRADUCTION ACTE DE DÉCÈS,https://ml-traduction.fr/products/traduction-acte-de-deces-1,Grec,Français,34
TRADUCTION ACTE DE DÉCÈS,https://ml-traduction.fr/products/traduction-acte-de-deces-1,Japonais,Français,45
TRADUCTION ACTE DE DÉCÈS,https://ml-traduction.fr/products/traduction-acte-de-deces-1,Polonais,Français,32
TRADUCTION ACTE DE DÉCÈS,https://ml-traduction.fr/products/traduction-acte-de-deces-1,Mandarin,Français,70
TRADUCTION ACTE DE DÉCÈS,https://ml-traduction.fr/products/traduction-acte-de-deces-1,Cantonais,Français,70
TRADUCTION ACTE DE DÉCÈS,https://ml-traduction.fr/products/traduction-acte-de-deces-1,Hongrois,Français,34
TRADUCTION ACTE DE DÉCÈS,https://ml-traduction.fr/products/traduction-acte-de-deces-1,Géorgien,Français,34
TRADUCTION ACTE DE DÉCÈS,https://ml-traduction.fr/products/traduction-acte-de-deces-1,Tchèque,Français,34
TRADUCTION ACTE DE DÉCÈS,https://ml-traduction.fr/products/traduction-acte-de-deces-1,Slovaque,Français,34
TRADUCTION ACTE DE DÉCÈS,https://ml-traduction.fr/products/traduction-acte-de-deces-1,Vietnamien,Français,45
TRADUCTION ACTE DE DÉCÈS,https://ml-traduction.fr/products/traduction-acte-de-deces-1,Coréen,Français,45
TRADUCTION ACTE DE DÉCÈS,https://ml-traduction.fr/products/traduction-acte-de-deces-1,Danois,Français,45
TRADUCTION ACTE DE DÉCÈS,https://ml-traduction.fr/products/traduction-acte-de-deces-1,Suédois,Français,43
TRADUCTION ACTE DE DÉCÈS,https://ml-traduction.fr/products/traduction-acte-de-deces-1,Thaïlandais,Français,65
TRADUCTION ACTE DE DÉCÈS,https://ml-traduction.fr/products/traduction-acte-de-deces-1,Croate,Français,34
TRADUCTION ACTE DE DÉCÈS,https://ml-traduction.fr/products/traduction-acte-de-deces-1,Portugais,Espagnol,34
TRADUCTION ACTE DE DÉCÈS,https://ml-traduction.fr/products/traduction-acte-de-deces-1,Espagnol,Portugais,34
TRADUCTION PASSEPORT,https://ml-traduction.fr/products/traduction-passeport,Français,Anglais,28
TRADUCTION PASSEPORT,https://ml-traduction.fr/products/traduction-passeport,Français,Allemand,28
TRADUCTION PASSEPORT,https://ml-traduction.fr/products/traduction-passeport,Français,Italien,28
TRADUCTION PASSEPORT,https://ml-traduction.fr/products/traduction-passeport,Français,Espagnol,28
TRADUCTION PASSEPORT,https://ml-traduction.fr/products/traduction-passeport,Français,Roumain,34
TRADUCTION PASSEPORT,https://ml-traduction.fr/products/traduction-passeport,Français,Arabe,28
TRADUCTION PASSEPORT,https://ml-traduction.fr/products/traduction-passeport,Français,Turc,34
TRADUCTION PASSEPORT,https://ml-traduction.fr/products/traduction-passeport,Français,Russe,28
TRADUCTION PASSEPORT,https://ml-traduction.fr/products/traduction-passeport,Français,Albanais,34
TRADUCTION PASSEPORT,https://ml-traduction.fr/products/traduction-passeport,Français,Chinois,45
TRADUCTION PASSEPORT,https://ml-traduction.fr/products/traduction-passeport,Français,Portugais,34
TRADUCTION PASSEPORT,https://ml-traduction.fr/products/traduction-passeport,Français,Grec,45
TRADUCTION PASSEPORT,https://ml-traduction.fr/products/traduction-passeport,Français,Japonais,45
TRADUCTION PASSEPORT,https://ml-traduction.fr/products/traduction-passeport,Français,Néerlandais,34
TRADUCTION PASSEPORT,https://ml-traduction.fr/products/traduction-passeport,Français,Tchèque,34
TRADUCTION PASSEPORT,https://ml-traduction.fr/products/traduction-passeport,Français,Slovaque,34
TRADUCTION PASSEPORT,https://ml-traduction.fr/products/traduction-passeport,Français,Mandarin,70
TRADUCTION PASSEPORT,https://ml-traduction.fr/products/traduction-passeport,Français,Cantonais,70
TRADUCTION PASSEPORT,https://ml-traduction.fr/products/traduction-passeport,Français,Hongrois,34
TRADUCTION PASSEPORT,https://ml-traduction.fr/products/traduction-passeport,Français,Polonais,34
TRADUCTION PASSEPORT,https://ml-traduction.fr/products/traduction-passeport,Français,Serbe,45
TRADUCTION PASSEPORT,https://ml-traduction.fr/products/traduction-passeport,Français,Vietnamien,45
TRADUCTION PASSEPORT,https://ml-traduction.fr/products/traduction-passeport,Français,Coréen,45
TRADUCTION PASSEPORT,https://ml-traduction.fr/products/traduction-passeport,Français,Danois,45
TRADUCTION PASSEPORT,https://ml-traduction.fr/products/traduction-passeport,Français,Suédois,34
TRADUCTION PASSEPORT,https://ml-traduction.fr/products/traduction-passeport,Français,Thaïlandais,45
TRADUCTION PASSEPORT,https://ml-traduction.fr/products/traduction-passeport,Français,Croate,34
TRADUCTION PASSEPORT,https://ml-traduction.fr/products/traduction-passeport,Anglais,Français,28
TRADUCTION PASSEPORT,https://ml-traduction.fr/products/traduction-passeport,Allemand,Français,28
TRADUCTION PASSEPORT,https://ml-traduction.fr/products/traduction-passeport,Italien,Français,28
TRADUCTION PASSEPORT,https://ml-traduction.fr/products/traduction-passeport,Espagnol,Français,28
TRADUCTION PASSEPORT,https://ml-traduction.fr/products/traduction-passeport,Roumain,Français,34
TRADUCTION PASSEPORT,https://ml-traduction.fr/products/traduction-passeport,Arabe,Français,28
TRADUCTION PASSEPORT,https://ml-traduction.fr/products/traduction-passeport,Portugais,Français,28
TRADUCTION PASSEPORT,https://ml-traduction.fr/products/traduction-passeport,Néerlandais,Français,28
TRADUCTION PASSEPORT,https://ml-traduction.fr/products/traduction-passeport,Turc,Français,28
TRADUCTION PASSEPORT,https://ml-traduction.fr/products/traduction-passeport,Chinois,Français,45
TRADUCTION PASSEPORT,https://ml-traduction.fr/products/traduction-passeport,Chinois,Anglais,45
TRADUCTION PASSEPORT,https://ml-traduction.fr/products/traduction-passeport,Russe,Français,28
TRADUCTION PASSEPORT,https://ml-traduction.fr/products/traduction-passeport,Albanais,Français,34
TRADUCTION PASSEPORT,https://ml-traduction.fr/products/traduction-passeport,Ukrainien,Français,28
TRADUCTION PASSEPORT,https://ml-traduction.fr/products/traduction-passeport,Slovaque,Français,28
TRADUCTION PASSEPORT,https://ml-traduction.fr/products/traduction-passeport,Serbe,Français,45
TRADUCTION PASSEPORT,https://ml-traduction.fr/products/traduction-passeport,Grec,Français,34
TRADUCTION PASSEPORT,https://ml-traduction.fr/products/traduction-passeport,Japonais,Français,45
TRADUCTION PASSEPORT,https://ml-traduction.fr/products/traduction-passeport,Polonais,Français,28
TRADUCTION PASSEPORT,https://ml-traduction.fr/products/traduction-passeport,Mandarin,Français,70
TRADUCTION PASSEPORT,https://ml-traduction.fr/products/traduction-passeport,Cantonais,Français,70
TRADUCTION PASSEPORT,https://ml-traduction.fr/products/traduction-passeport,Hongrois,Français,34
TRADUCTION PASSEPORT,https://ml-traduction.fr/products/traduction-passeport,Géorgien,Français,34
TRADUCTION PASSEPORT,https://ml-traduction.fr/products/traduction-passeport,Tchèque,Français,34
TRADUCTION PASSEPORT,https://ml-traduction.fr/products/traduction-passeport,Slovaque,Français,34
TRADUCTION PASSEPORT,https://ml-traduction.fr/products/traduction-passeport,Vietnamien,Français,45
TRADUCTION PASSEPORT,https://ml-traduction.fr/products/traduction-passeport,Coréen,Français,45
TRADUCTION PASSEPORT,https://ml-traduction.fr/products/traduction-passeport,Danois,Français,45
TRADUCTION PASSEPORT,https://ml-traduction.fr/products/traduction-passeport,Suédois,Français,34
TRADUCTION PASSEPORT,https://ml-traduction.fr/products/traduction-passeport,Thaïlandais,Français,45
TRADUCTION PASSEPORT,https://ml-traduction.fr/products/traduction-passeport,Croate,Français,34
TRADUCTION PASSEPORT,https://ml-traduction.fr/products/traduction-passeport,Portugais,Espagnol,34
TRADUCTION PASSEPORT,https://ml-traduction.fr/products/traduction-passeport,Espagnol,Portugais,34
TRADUCTION JUGEMENT,https://ml-traduction.fr/products/traduction-jugement,Français,Anglais,37
TRADUCTION JUGEMENT,https://ml-traduction.fr/products/traduction-jugement,Français,Allemand,37
TRADUCTION JUGEMENT,https://ml-traduction.fr/products/traduction-jugement,Français,Italien,37
TRADUCTION JUGEMENT,https://ml-traduction.fr/products/traduction-jugement,Français,Espagnol,37
TRADUCTION JUGEMENT,https://ml-traduction.fr/products/traduction-jugement,Français,Roumain,43
TRADUCTION JUGEMENT,https://ml-traduction.fr/products/traduction-jugement,Français,Arabe,37
TRADUCTION JUGEMENT,https://ml-traduction.fr/products/traduction-jugement,Français,Turc,43
TRADUCTION JUGEMENT,https://ml-traduction.fr/products/traduction-jugement,Français,Russe,37
TRADUCTION JUGEMENT,https://ml-traduction.fr/products/traduction-jugement,Français,Albanais,43
TRADUCTION JUGEMENT,https://ml-traduction.fr/products/traduction-jugement,Français,Chinois,65
TRADUCTION JUGEMENT,https://ml-traduction.fr/products/traduction-jugement,Français,Portugais,43
TRADUCTION JUGEMENT,https://ml-traduction.fr/products/traduction-jugement,Français,Grec,57
TRADUCTION JUGEMENT,https://ml-traduction.fr/products/traduction-jugement,Français,Japonais,65
TRADUCTION JUGEMENT,https://ml-traduction.fr/products/traduction-jugement,Français,Néerlandais,43
TRADUCTION JUGEMENT,https://ml-traduction.fr/products/traduction-jugement,Français,Tchèque,43
TRADUCTION JUGEMENT,https://ml-traduction.fr/products/traduction-jugement,Français,Slovaque,43
TRADUCTION JUGEMENT,https://ml-traduction.fr/products/traduction-jugement,Français,Mandarin,70
TRADUCTION JUGEMENT,https://ml-traduction.fr/products/traduction-jugement,Français,Hongrois,43
TRADUCTION JUGEMENT,https://ml-traduction.fr/products/traduction-jugement,Français,Cantonais,70
TRADUCTION JUGEMENT,https://ml-traduction.fr/products/traduction-jugement,Français,Polonais,43
TRADUCTION JUGEMENT,https://ml-traduction.fr/products/traduction-jugement,Français,Serbe,45
TRADUCTION JUGEMENT,https://ml-traduction.fr/products/traduction-jugement,Français,Vietnamien,65
TRADUCTION JUGEMENT,https://ml-traduction.fr/products/traduction-jugement,Français,Coréen,65
TRADUCTION JUGEMENT,https://ml-traduction.fr/products/traduction-jugement,Français,Danois,45
TRADUCTION JUGEMENT,https://ml-traduction.fr/products/traduction-jugement,Français,Suédois,43
TRADUCTION JUGEMENT,https://ml-traduction.fr/products/traduction-jugement,Français,Thaïlandais,65
TRADUCTION JUGEMENT,https://ml-traduction.fr/products/traduction-jugement,Français,Croate,43
TRADUCTION JUGEMENT,https://ml-traduction.fr/products/traduction-jugement,Anglais,Français,37
TRADUCTION JUGEMENT,https://ml-traduction.fr/products/traduction-jugement,Allemand,Français,37
TRADUCTION JUGEMENT,https://ml-traduction.fr/products/traduction-jugement,Italien,Français,37
TRADUCTION JUGEMENT,https://ml-traduction.fr/products/traduction-jugement,Espagnol,Français,37
TRADUCTION JUGEMENT,https://ml-traduction.fr/products/traduction-jugement,Roumain,Français,43
TRADUCTION JUGEMENT,https://ml-traduction.fr/products/traduction-jugement,Arabe,Français,37
TRADUCTION JUGEMENT,https://ml-traduction.fr/products/traduction-jugement,Portugais,Français,37
TRADUCTION JUGEMENT,https://ml-traduction.fr/products/traduction-jugement,Néerlandais,Français,37
TRADUCTION JUGEMENT,https://ml-traduction.fr/products/traduction-jugement,Turc,Français,37
TRADUCTION JUGEMENT,https://ml-traduction.fr/products/traduction-jugement,Chinois,Français,65
TRADUCTION JUGEMENT,https://ml-traduction.fr/products/traduction-jugement,Chinois,Anglais,65
TRADUCTION JUGEMENT,https://ml-traduction.fr/products/traduction-jugement,Russe,Français,37
TRADUCTION JUGEMENT,https://ml-traduction.fr/products/traduction-jugement,Albanais,Français,43
TRADUCTION JUGEMENT,https://ml-traduction.fr/products/traduction-jugement,Ukrainien,Français,37
TRADUCTION JUGEMENT,https://ml-traduction.fr/products/traduction-jugement,Slovaque,Français,37
TRADUCTION JUGEMENT,https://ml-traduction.fr/products/traduction-jugement,Serbe,Français,45
TRADUCTION JUGEMENT,https://ml-traduction.fr/products/traduction-jugement,Grec,Français,37
TRADUCTION JUGEMENT,https://ml-traduction.fr/products/traduction-jugement,Japonais,Français,65
TRADUCTION JUGEMENT,https://ml-traduction.fr/products/traduction-jugement,Polonais,Français,37
TRADUCTION JUGEMENT,https://ml-traduction.fr/products/traduction-jugement,Mandarin,Français,70
TRADUCTION JUGEMENT,https://ml-traduction.fr/products/traduction-jugement,Cantonais,Français,70
TRADUCTION JUGEMENT,https://ml-traduction.fr/products/traduction-jugement,Hongrois,Français,43
TRADUCTION JUGEMENT,https://ml-traduction.fr/products/traduction-jugement,Géorgien,Français,43
TRADUCTION JUGEMENT,https://ml-traduction.fr/products/traduction-jugement,Tchèque,Français,43
TRADUCTION JUGEMENT,https://ml-traduction.fr/products/traduction-jugement,Slovaque,Français,43
TRADUCTION JUGEMENT,https://ml-traduction.fr/products/traduction-jugement,Vietnamien,Français,65
TRADUCTION JUGEMENT,https://ml-traduction.fr/products/traduction-jugement,Coréen,Français,65
TRADUCTION JUGEMENT,https://ml-traduction.fr/products/traduction-jugement,Danois,Français,45
TRADUCTION JUGEMENT,https://ml-traduction.fr/products/traduction-jugement,Suédois,Français,43
TRADUCTION JUGEMENT,https://ml-traduction.fr/products/traduction-jugement,Thaïlandais,Français,65
TRADUCTION JUGEMENT,https://ml-traduction.fr/products/traduction-jugement,Croate,Français,43
TRADUCTION JUGEMENT,https://ml-traduction.fr/products/traduction-jugement,Portugais,Espagnol,42
TRADUCTION JUGEMENT,https://ml-traduction.fr/products/traduction-jugement,Espagnol,Portugais,42
TRADUCTION ATTESTATION,https://ml-traduction.fr/products/traduction-attestation,Français,Anglais,30
TRADUCTION ATTESTATION,https://ml-traduction.fr/products/traduction-attestation,Français,Allemand,30
TRADUCTION ATTESTATION,https://ml-traduction.fr/products/traduction-attestation,Français,Italien,30
TRADUCTION ATTESTATION,https://ml-traduction.fr/products/traduction-attestation,Français,Espagnol,30
TRADUCTION ATTESTATION,https://ml-traduction.fr/products/traduction-attestation,Français,Roumain,34
TRADUCTION ATTESTATION,https://ml-traduction.fr/products/traduction-attestation,Français,Arabe,30
TRADUCTION ATTESTATION,https://ml-traduction.fr/products/traduction-attestation,Français,Turc,34
TRADUCTION ATTESTATION,https://ml-traduction.fr/products/traduction-attestation,Français,Russe,30
TRADUCTION ATTESTATION,https://ml-traduction.fr/products/traduction-attestation,Français,Albanais,34
TRADUCTION ATTESTATION,https://ml-traduction.fr/products/traduction-attestation,Français,Chinois,45
TRADUCTION ATTESTATION,https://ml-traduction.fr/products/traduction-attestation,Français,Portugais,34
TRADUCTION ATTESTATION,https://ml-traduction.fr/products/traduction-attestation,Français,Grec,45
TRADUCTION ATTESTATION,https://ml-traduction.fr/products/traduction-attestation,Français,Japonais,45
TRADUCTION ATTESTATION,https://ml-traduction.fr/products/traduction-attestation,Français,Néerlandais,34
TRADUCTION ATTESTATION,https://ml-traduction.fr/products/traduction-attestation,Français,Tchèque,34
TRADUCTION ATTESTATION,https://ml-traduction.fr/products/traduction-attestation,Français,Slovaque,34
TRADUCTION ATTESTATION,https://ml-traduction.fr/products/traduction-attestation,Français,Mandarin,70
TRADUCTION ATTESTATION,https://ml-traduction.fr/products/traduction-attestation,Français,Hongrois,34
TRADUCTION ATTESTATION,https://ml-traduction.fr/products/traduction-attestation,Français,Polonais,34
TRADUCTION ATTESTATION,https://ml-traduction.fr/products/traduction-attestation,Français,Serbe,45
TRADUCTION ATTESTATION,https://ml-traduction.fr/products/traduction-attestation,Français,Vietnamien,45
TRADUCTION ATTESTATION,https://ml-traduction.fr/products/traduction-attestation,Français,Coréen,45
TRADUCTION ATTESTATION,https://ml-traduction.fr/products/traduction-attestation,Français,Danois,45
TRADUCTION ATTESTATION,https://ml-traduction.fr/products/traduction-attestation,Français,Suédois,34
TRADUCTION ATTESTATION,https://ml-traduction.fr/products/traduction-attestation,Français,Thaïlandais,45
TRADUCTION ATTESTATION,https://ml-traduction.fr/products/traduction-attestation,Français,Croate,34
TRADUCTION ATTESTATION,https://ml-traduction.fr/products/traduction-attestation,Français,Cantonais,70
TRADUCTION ATTESTATION,https://ml-traduction.fr/products/traduction-attestation,Anglais,Français,30
TRADUCTION ATTESTATION,https://ml-traduction.fr/products/traduction-attestation,Allemand,Français,30
TRADUCTION ATTESTATION,https://ml-traduction.fr/products/traduction-attestation,Italien,Français,30
TRADUCTION ATTESTATION,https://ml-traduction.fr/products/traduction-attestation,Espagnol,Français,30
TRADUCTION ATTESTATION,https://ml-traduction.fr/products/traduction-attestation,Roumain,Français,34
TRADUCTION ATTESTATION,https://ml-traduction.fr/products/traduction-attestation,Arabe,Français,30
TRADUCTION ATTESTATION,https://ml-traduction.fr/products/traduction-attestation,Portugais,Français,30
TRADUCTION ATTESTATION,https://ml-traduction.fr/products/traduction-attestation,Néerlandais,Français,30
TRADUCTION ATTESTATION,https://ml-traduction.fr/products/traduction-attestation,Turc,Français,30
TRADUCTION ATTESTATION,https://ml-traduction.fr/products/traduction-attestation,Chinois,Français,45
TRADUCTION ATTESTATION,https://ml-traduction.fr/products/traduction-attestation,Chinois,Anglais,45
TRADUCTION ATTESTATION,https://ml-traduction.fr/products/traduction-attestation,Russe,Français,30
TRADUCTION ATTESTATION,https://ml-traduction.fr/products/traduction-attestation,Albanais,Français,34
TRADUCTION ATTESTATION,https://ml-traduction.fr/products/traduction-attestation,Ukrainien,Français,30
TRADUCTION ATTESTATION,https://ml-traduction.fr/products/traduction-attestation,Slovaque,Français,30
TRADUCTION ATTESTATION,https://ml-traduction.fr/products/traduction-attestation,Serbe,Français,45
TRADUCTION ATTESTATION,https://ml-traduction.fr/products/traduction-attestation,Grec,Français,34
TRADUCTION ATTESTATION,https://ml-traduction.fr/products/traduction-attestation,Japonais,Français,45
TRADUCTION ATTESTATION,https://ml-traduction.fr/products/traduction-attestation,Polonais,Français,30
TRADUCTION ATTESTATION,https://ml-traduction.fr/products/traduction-attestation,Mandarin,Français,70
TRADUCTION ATTESTATION,https://ml-traduction.fr/products/traduction-attestation,Cantonais,Français,70
TRADUCTION ATTESTATION,https://ml-traduction.fr/products/traduction-attestation,Hongrois,Français,34
TRADUCTION ATTESTATION,https://ml-traduction.fr/products/traduction-attestation,Géorgien,Français,34
TRADUCTION ATTESTATION,https://ml-traduction.fr/products/traduction-attestation,Tchèque,Français,34
TRADUCTION ATTESTATION,https://ml-traduction.fr/products/traduction-attestation,Slovaque,Français,34
TRADUCTION ATTESTATION,https://ml-traduction.fr/products/traduction-attestation,Vietnamien,Français,45
TRADUCTION ATTESTATION,https://ml-traduction.fr/products/traduction-attestation,Coréen,Français,45
TRADUCTION ATTESTATION,https://ml-traduction.fr/products/traduction-attestation,Danois,Français,45
TRADUCTION ATTESTATION,https://ml-traduction.fr/products/traduction-attestation,Suédois,Français,34
TRADUCTION ATTESTATION,https://ml-traduction.fr/products/traduction-attestation,Thaïlandais,Français,45
TRADUCTION ATTESTATION,https://ml-traduction.fr/products/traduction-attestation,Croate,Français,34
TRADUCTION ATTESTATION,https://ml-traduction.fr/products/traduction-attestation,Portugais,Espagnol,34
TRADUCTION ATTESTATION,https://ml-traduction.fr/products/traduction-attestation,Espagnol,Portugais,34
TRADUCTION FACTURE,https://ml-traduction.fr/products/traduction-facture,Français,Anglais,30
TRADUCTION FACTURE,https://ml-traduction.fr/products/traduction-facture,Français,Allemand,30
TRADUCTION FACTURE,https://ml-traduction.fr/products/traduction-facture,Français,Italien,30
TRADUCTION FACTURE,https://ml-traduction.fr/products/traduction-facture,Français,Espagnol,30
TRADUCTION FACTURE,https://ml-traduction.fr/products/traduction-facture,Français,Roumain,34
TRADUCTION FACTURE,https://ml-traduction.fr/products/traduction-facture,Français,Arabe,30
TRADUCTION FACTURE,https://ml-traduction.fr/products/traduction-facture,Français,Turc,34
TRADUCTION FACTURE,https://ml-traduction.fr/products/traduction-facture,Français,Russe,30
TRADUCTION FACTURE,https://ml-traduction.fr/products/traduction-facture,Français,Albanais,34
TRADUCTION FACTURE,https://ml-traduction.fr/products/traduction-facture,Français,Chinois,45
TRADUCTION FACTURE,https://ml-traduction.fr/products/traduction-facture,Français,Portugais,34
TRADUCTION FACTURE,https://ml-traduction.fr/products/traduction-facture,Français,Grec,45
TRADUCTION FACTURE,https://ml-traduction.fr/products/traduction-facture,Français,Japonais,45
TRADUCTION FACTURE,https://ml-traduction.fr/products/traduction-facture,Français,Néerlandais,34
TRADUCTION FACTURE,https://ml-traduction.fr/products/traduction-facture,Français,Tchèque,34
TRADUCTION FACTURE,https://ml-traduction.fr/products/traduction-facture,Français,Slovaque,34
TRADUCTION FACTURE,https://ml-traduction.fr/products/traduction-facture,Français,Hongrois,34
TRADUCTION FACTURE,https://ml-traduction.fr/products/traduction-facture,Français,Cantonais,70
TRADUCTION FACTURE,https://ml-traduction.fr/products/traduction-facture,Français,Polonais,34
TRADUCTION FACTURE,https://ml-traduction.fr/products/traduction-facture,Français,Serbe,45
TRADUCTION FACTURE,https://ml-traduction.fr/products/traduction-facture,Français,Vietnamien,45
TRADUCTION FACTURE,https://ml-traduction.fr/products/traduction-facture,Français,Coréen,45
TRADUCTION FACTURE,https://ml-traduction.fr/products/traduction-facture,Français,Danois,45
TRADUCTION FACTURE,https://ml-traduction.fr/products/traduction-facture,Français,Suédois,34
TRADUCTION FACTURE,https://ml-traduction.fr/products/traduction-facture,Français,Thaïlandais,45
TRADUCTION FACTURE,https://ml-traduction.fr/products/traduction-facture,Français,Croate,34
TRADUCTION FACTURE,https://ml-traduction.fr/products/traduction-facture,Français,Mandarin,70
TRADUCTION FACTURE,https://ml-traduction.fr/products/traduction-facture,Anglais,Français,30
TRADUCTION FACTURE,https://ml-traduction.fr/products/traduction-facture,Allemand,Français,30
TRADUCTION FACTURE,https://ml-traduction.fr/products/traduction-facture,Italien,Français,30
TRADUCTION FACTURE,https://ml-traduction.fr/products/traduction-facture,Espagnol,Français,30
TRADUCTION FACTURE,https://ml-traduction.fr/products/traduction-facture,Roumain,Français,34
TRADUCTION FACTURE,https://ml-traduction.fr/products/traduction-facture,Arabe,Français,30
TRADUCTION FACTURE,https://ml-traduction.fr/products/traduction-facture,Portugais,Français,30
TRADUCTION FACTURE,https://ml-traduction.fr/products/traduction-facture,Néerlandais,Français,30
TRADUCTION FACTURE,https://ml-traduction.fr/products/traduction-facture,Turc,Français,30
TRADUCTION FACTURE,https://ml-traduction.fr/products/traduction-facture,Chinois,Français,45
TRADUCTION FACTURE,https://ml-traduction.fr/products/traduction-facture,Chinois,Anglais,45
TRADUCTION FACTURE,https://ml-traduction.fr/products/traduction-facture,Russe,Français,30
TRADUCTION FACTURE,https://ml-traduction.fr/products/traduction-facture,Albanais,Français,34
TRADUCTION FACTURE,https://ml-traduction.fr/products/traduction-facture,Ukrainien,Français,30
TRADUCTION FACTURE,https://ml-traduction.fr/products/traduction-facture,Slovaque,Français,30
TRADUCTION FACTURE,https://ml-traduction.fr/products/traduction-facture,Serbe,Français,45
TRADUCTION FACTURE,https://ml-traduction.fr/products/traduction-facture,Grec,Français,34
TRADUCTION FACTURE,https://ml-traduction.fr/products/traduction-facture,Japonais,Français,45
TRADUCTION FACTURE,https://ml-traduction.fr/products/traduction-facture,Polonais,Français,30
TRADUCTION FACTURE,https://ml-traduction.fr/products/traduction-facture,Mandarin,Français,70
TRADUCTION FACTURE,https://ml-traduction.fr/products/traduction-facture,Cantonais,Français,70
TRADUCTION FACTURE,https://ml-traduction.fr/products/traduction-facture,Hongrois,Français,34
TRADUCTION FACTURE,https://ml-traduction.fr/products/traduction-facture,Géorgien,Français,34
TRADUCTION FACTURE,https://ml-traduction.fr/products/traduction-facture,Tchèque,Français,34
TRADUCTION FACTURE,https://ml-traduction.fr/products/traduction-facture,Vietnamien,Français,45
TRADUCTION FACTURE,https://ml-traduction.fr/products/traduction-facture,Coréen,Français,45
TRADUCTION FACTURE,https://ml-traduction.fr/products/traduction-facture,Danois,Français,45
TRADUCTION FACTURE,https://ml-traduction.fr/products/traduction-facture,Suédois,Français,34
TRADUCTION FACTURE,https://ml-traduction.fr/products/traduction-facture,Thaïlandais,Français,45
TRADUCTION FACTURE,https://ml-traduction.fr/products/traduction-facture,Croate,Français,34
TRADUCTION FACTURE,https://ml-traduction.fr/products/traduction-facture,Portugais,Espagnol,34
TRADUCTION FACTURE,https://ml-traduction.fr/products/traduction-facture,Espagnol,Portugais,34
TRADUCTION DE L'APOSTILLE,https://ml-traduction.fr/products/traduction-apostille,Français,Anglais,30
TRADUCTION DE L'APOSTILLE,https://ml-traduction.fr/products/traduction-apostille,Français,Allemand,30
TRADUCTION DE L'APOSTILLE,https://ml-traduction.fr/products/traduction-apostille,Français,Italien,30
TRADUCTION DE L'APOSTILLE,https://ml-traduction.fr/products/traduction-apostille,Français,Espagnol,30
TRADUCTION DE L'APOSTILLE,https://ml-traduction.fr/products/traduction-apostille,Français,Roumain,34
TRADUCTION DE L'APOSTILLE,https://ml-traduction.fr/products/traduction-apostille,Français,Arabe,30
TRADUCTION DE L'APOSTILLE,https://ml-traduction.fr/products/traduction-apostille,Français,Turc,34
TRADUCTION DE L'APOSTILLE,https://ml-traduction.fr/products/traduction-apostille,Français,Russe,30
TRADUCTION DE L'APOSTILLE,https://ml-traduction.fr/products/traduction-apostille,Français,Albanais,34
TRADUCTION DE L'APOSTILLE,https://ml-traduction.fr/products/traduction-apostille,Français,Chinois,45
TRADUCTION DE L'APOSTILLE,https://ml-traduction.fr/products/traduction-apostille,Français,Portugais,34
TRADUCTION DE L'APOSTILLE,https://ml-traduction.fr/products/traduction-apostille,Français,Japonais,45
TRADUCTION DE L'APOSTILLE,https://ml-traduction.fr/products/traduction-apostille,Français,Grec,45
TRADUCTION DE L'APOSTILLE,https://ml-traduction.fr/products/traduction-apostille,Français,Néerlandais,34
TRADUCTION DE L'APOSTILLE,https://ml-traduction.fr/products/traduction-apostille,Français,Tchèque,34
TRADUCTION DE L'APOSTILLE,https://ml-traduction.fr/products/traduction-apostille,Français,Slovaque,34
TRADUCTION DE L'APOSTILLE,https://ml-traduction.fr/products/traduction-apostille,Français,Hongrois,34
TRADUCTION DE L'APOSTILLE,https://ml-traduction.fr/products/traduction-apostille,Français,Cantonais,70
TRADUCTION DE L'APOSTILLE,https://ml-traduction.fr/products/traduction-apostille,Français,Mandarin,70
TRADUCTION DE L'APOSTILLE,https://ml-traduction.fr/products/traduction-apostille,Français,Polonais,34
TRADUCTION DE L'APOSTILLE,https://ml-traduction.fr/products/traduction-apostille,Français,Serbe,45
TRADUCTION DE L'APOSTILLE,https://ml-traduction.fr/products/traduction-apostille,Français,Vietnamien,45
TRADUCTION DE L'APOSTILLE,https://ml-traduction.fr/products/traduction-apostille,Français,Coréen,45
TRADUCTION DE L'APOSTILLE,https://ml-traduction.fr/products/traduction-apostille,Français,Danois,45
TRADUCTION DE L'APOSTILLE,https://ml-traduction.fr/products/traduction-apostille,Français,Suédois,34
TRADUCTION DE L'APOSTILLE,https://ml-traduction.fr/products/traduction-apostille,Français,Thaïlandais,45
TRADUCTION DE L'APOSTILLE,https://ml-traduction.fr/products/traduction-apostille,Français,Croate,34
TRADUCTION DE L'APOSTILLE,https://ml-traduction.fr/products/traduction-apostille,Anglais,Français,30
TRADUCTION DE L'APOSTILLE,https://ml-traduction.fr/products/traduction-apostille,Allemand,Français,30
TRADUCTION DE L'APOSTILLE,https://ml-traduction.fr/products/traduction-apostille,Italien,Français,30
TRADUCTION DE L'APOSTILLE,https://ml-traduction.fr/products/traduction-apostille,Espagnol,Français,30
TRADUCTION DE L'APOSTILLE,https://ml-traduction.fr/products/traduction-apostille,Roumain,Français,34
TRADUCTION DE L'APOSTILLE,https://ml-traduction.fr/products/traduction-apostille,Arabe,Français,30
TRADUCTION DE L'APOSTILLE,https://ml-traduction.fr/products/traduction-apostille,Portugais,Français,30
TRADUCTION DE L'APOSTILLE,https://ml-traduction.fr/products/traduction-apostille,Néerlandais,Français,30
TRADUCTION DE L'APOSTILLE,https://ml-traduction.fr/products/traduction-apostille,Turc,Français,30
TRADUCTION DE L'APOSTILLE,https://ml-traduction.fr/products/traduction-apostille,Chinois,Français,45
TRADUCTION DE L'APOSTILLE,https://ml-traduction.fr/products/traduction-apostille,Chinois,Anglais,45
TRADUCTION DE L'APOSTILLE,https://ml-traduction.fr/products/traduction-apostille,Russe,Français,30
TRADUCTION DE L'APOSTILLE,https://ml-traduction.fr/products/traduction-apostille,Albanais,Français,34
TRADUCTION DE L'APOSTILLE,https://ml-traduction.fr/products/traduction-apostille,Ukrainien,Français,30
TRADUCTION DE L'APOSTILLE,https://ml-traduction.fr/products/traduction-apostille,Slovaque,Français,30
TRADUCTION DE L'APOSTILLE,https://ml-traduction.fr/products/traduction-apostille,Serbe,Français,45
TRADUCTION DE L'APOSTILLE,https://ml-traduction.fr/products/traduction-apostille,Grec,Français,34
TRADUCTION DE L'APOSTILLE,https://ml-traduction.fr/products/traduction-apostille,Japonais,Français,45
TRADUCTION DE L'APOSTILLE,https://ml-traduction.fr/products/traduction-apostille,Polonais,Français,30
TRADUCTION DE L'APOSTILLE,https://ml-traduction.fr/products/traduction-apostille,Mandarin,Français,70
TRADUCTION DE L'APOSTILLE,https://ml-traduction.fr/products/traduction-apostille,Cantonais,Français,70
TRADUCTION DE L'APOSTILLE,https://ml-traduction.fr/products/traduction-apostille,Hongrois,Français,34
TRADUCTION DE L'APOSTILLE,https://ml-traduction.fr/products/traduction-apostille,Géorgien,Français,34
TRADUCTION DE L'APOSTILLE,https://ml-traduction.fr/products/traduction-apostille,Tchèque,Français,34
TRADUCTION DE L'APOSTILLE,https://ml-traduction.fr/products/traduction-apostille,Slovaque,Français,34
TRADUCTION DE L'APOSTILLE,https://ml-traduction.fr/products/traduction-apostille,Vietnamien,Français,45
TRADUCTION DE L'APOSTILLE,https://ml-traduction.fr/products/traduction-apostille,Coréen,Français,45
TRADUCTION DE L'APOSTILLE,https://ml-traduction.fr/products/traduction-apostille,Danois,Français,45
TRADUCTION DE L'APOSTILLE,https://ml-traduction.fr/products/traduction-apostille,Suédois,Français,34
TRADUCTION DE L'APOSTILLE,https://ml-traduction.fr/products/traduction-apostille,Thaïlandais,Français,45
TRADUCTION DE L'APOSTILLE,https://ml-traduction.fr/products/traduction-apostille,Croate,Français,34
TRADUCTION DE L'APOSTILLE,https://ml-traduction.fr/products/traduction-apostille,Portugais,Espagnol,34
TRADUCTION DE L'APOSTILLE,https://ml-traduction.fr/products/traduction-apostille,Espagnol,Portugais,34
